"rendimiento_maiz_ton_ha","precipitacion_mm","temperatura_c","fertilizante_kg_ha"
9.07836269070503,630.062016099691,25.7747217519209,159.365231310949
11.4853451185018,1030.64410835505,21.8378474051133,182.46352840215
8.13707829191403,727.18153744936,21.6926401304081,84.3396987766027
10.7050820162461,1106.41392320395,20.6372115751728,176.611071964726
10.3926566892848,1152.37382743508,22.4338663900271,112.373949354514
9.66784913253164,436.445199511945,29.8106304416433,194.910869281739
9.56277646480938,822.484390437603,19.8504276098683,129.787964932621
11.9388084521832,1113.93523551524,19.0925279986113,243.871282227337
11.1827546194189,841.148011572659,19.7028828933835,243.479674123228
10.4451681893311,765.291788242757,26.280085218139,195.340507803485
10.8210244043948,1165.4666762799,25.4310778006911,101.443349290639
9.27976626788032,762.667324952781,28.6967294057831,94.3575869314373
10.9643150931174,942.056508362293,26.0759891113266,168.609130335972
9.34823778208808,858.106721565127,26.8449328551069,103.504286427051
8.15868501291701,482.339746132493,24.2536287093535,156.214079773054
12.9943676405797,1119.85997632146,25.9180613961071,207.058334257454
8.72534657362771,596.870187483728,27.8616655217484,83.6121621076018
7.98952494014981,433.647626824677,27.435378620401,130.87983620353
9.64055232893934,662.336575426161,29.7578630084172,144.315255526453
11.8273214762747,1163.60291931778,23.2731784349307,223.621361376718
12.9620249894785,1111.631452851,21.7404264248908,235.14159116894
11.9875126999363,954.24272492528,22.9136994313449,226.395511860028
9.99119694996561,912.405451014638,18.1256053419784,184.837368503213
12.5241851614773,1195.41582129896,20.2061942880973,240.033395867795
10.7053874799574,924.564639292657,28.1127518266439,153.288978850469
10.1492287703421,966.82437453419,20.7739413846284,165.303804259747
8.78886769779962,835.252819769084,20.8691994678229,117.266241181642
8.82581673075673,875.313616357744,18.9202939840034,119.464926281944
8.0095891443019,631.327789835632,20.9486841363832,54.0048601105809
9.02186625422852,517.690917849541,26.7856224663556,150.562609126791
12.9728384373673,1170.41938602924,28.1694379812106,224.208682728931
9.7301735326717,1121.83923609555,23.9703272050247,51.2601567897946
9.48800761730442,952.564222738147,22.6549083581194,64.4114247988909
9.19659043078718,1036.37393414974,20.9573879297823,82.8422449994832
8.16274205737002,419.69094760716,19.3331575356424,204.066814854741
10.9763707846477,782.236776873469,22.6799332229421,197.036861162633
11.9998189924745,1006.76763001829,24.8632237678394,244.375127134845
8.12502171564453,573.126348666847,20.6027131536976,143.294475367293
7.39728943972591,654.544806107879,23.337216024287,64.8769026622176
8.49767716011852,585.30062828213,20.6158880246803,179.763624863699
9.23646155951953,514.240017905831,24.027594759129,201.718633901328
8.50468342795242,731.637068651617,22.2468548621982,77.4212162010372
9.90358951228015,730.979461036623,25.7998219057918,129.316918924451
8.68788486961781,695.076360739768,22.4965674793348,94.997065840289
7.03807730386258,521.955798193812,22.2653445694596,61.5917121060193
8.43426808436447,511.044850759208,24.4042553454638,129.17853766121
7.73473691168398,586.427279561758,26.8840123247355,62.9856599960476
8.21024010540381,772.769960202277,20.6532352538779,95.1772865839303
7.97321438686884,612.77811229229,22.9529534233734,60.925821820274
10.7422466053942,1086.26217227429,21.1882402421907,184.056407911703
8.73916386439989,436.664933338761,25.5596766415983,109.548356523737
7.95579017351649,753.76005936414,20.2059418894351,70.1443164609373
10.1117348488322,1039.13987651467,28.3637293372303,64.3808194436133
9.82104618233196,497.519407980144,26.9588160496205,226.08811375685
10.8003501739515,848.758387006819,26.0194157967344,200.849480414763
9.4838573941723,565.225111693144,25.4162144791335,213.321177521721
9.82737505317023,502.025320194662,22.46685672272,246.428074734285
9.66194045026321,1002.64629144222,24.3580282302573,70.7199289929122
10.5605349487368,1116.03628732264,28.4961881143972,69.8083658702672
10.1298812652164,699.570220708847,24.9810011973605,209.766322234645
11.3859112153552,932.092155702412,28.0772131774575,206.915053306147
6.59082570038962,475.872528739274,21.7493779789656,51.8859810195863
11.194262821248,707.175710238516,26.4994838666171,205.813176557422
9.00290381089023,619.506915658712,21.1802136730403,195.87813038379
11.2914772445187,1051.71203110367,25.1321183284745,176.026370562613
10.3419868237311,758.813073113561,23.7754776058719,146.182165993378
9.41337366305249,1048.05148243904,21.1803927775472,81.327370274812
8.90336693450971,1049.91160761565,24.7750852173194,51.6431039664894
10.9583538772834,1035.47385688871,28.9582586763427,140.491678845137
10.3872244990071,751.865350082517,28.8224926739931,148.458665749058
9.83764062855343,1003.5801269114,21.2899994580075,127.917422307655
9.65569007047995,903.376905247569,21.8577930768952,142.933188378811
11.7041766663257,968.145921081305,29.8276906125247,192.655800143257
7.10689407916373,400.499818660319,25.4399197222665,61.0603852663189
10.5844981265013,780.253259278834,29.2477690698579,120.956619502977
9.75919829775551,576.095108129084,23.5983924278989,210.562454583123
10.7506981645435,703.853230178356,22.881991119124,217.141767404974
9.88570873851297,890.216802619398,25.9107638904825,97.5498809944838
8.3716347874962,681.438327394426,19.8281594021246,120.7972205244
9.14805738106482,488.908339478076,24.8744046986103,221.377084031701
9.48619098574228,594.895578175783,20.8647123221308,220.752674760297
10.22531293326,934.444469958544,29.5483072372153,109.179091081023
8.67244308721946,734.11742374301,25.2163887117058,79.4096649158746
11.9059251311497,1030.55666722357,24.1803567269817,190.798412263393
8.14752412857952,482.291715405881,22.8308801064268,70.7613376434892
9.38942753475572,747.914193198085,28.5629584947601,56.745554599911
12.6311078193482,1187.96558398753,22.3691023774445,249.880905589089
8.68484158430732,1114.44089151919,21.4588713683188,56.9749608170241
9.95209203872537,1109.17524863034,20.0477428212762,117.678256751969
9.59896996981155,540.042120218277,20.0660609565675,233.012752328068
9.31207857547927,504.556553252041,23.7845112662762,173.447053926066
9.70806289068658,922.481540031731,21.0355791421607,107.257069740444
9.90777558907756,674.813177809119,20.5950574753806,197.559480601922
11.0267811959389,925.406502373517,26.092516656965,216.810861835256
8.38649955897304,656.298593990505,18.5719635291025,112.854156084359
8.91891678451116,550.152895413339,26.4102370496839,148.513309564441
11.1821037823097,1025.83544105291,22.222663661465,189.474753243849
8.85259084733571,474.875989370048,22.9073279751465,178.292470797896
10.7888982904593,773.423233255744,27.851415887475,178.784582996741
11.9134022606227,809.204367920756,29.0262881778181,245.570680964738
8.9140214293427,879.991167411208,21.3903399612755,132.947066891938
9.11183895780127,666.258832253516,29.5332575244829,73.8809559959918
10.3549492921819,790.890426933765,26.7407331392169,155.205932026729
10.6216557684541,1163.57906199992,26.2365009840578,95.0146701652557
9.13787604511226,786.32191773504,18.6341273132712,147.282352810726
10.5924975582825,1112.28017769754,22.7426416156814,124.042959697545
12.6627578748901,1131.55054952949,23.7341445581988,246.670036157593
10.5860124549866,886.987985856831,24.7230391642079,127.663823030889
8.92981835092458,728.551821224391,26.3791391383857,95.8489680662751
9.73640609876013,517.675752751529,28.9882024610415,174.659509258345
10.7703592783125,1148.23984261602,25.4202147284523,77.3080394137651
10.9149403448466,640.983119979501,23.1410581050441,243.493898864836
8.98822222558771,448.576457239687,24.5049644066021,153.014361578971
9.38515901895824,1158.18155203015,18.7017418630421,82.6140658464283
11.3582419267215,976.477018743753,21.1302822846919,174.38045903109
10.021783402726,513.835436478257,22.7658234396949,247.19083304517
10.8055186105048,839.427724853158,20.3729368401691,183.754303492606
10.9774542701728,1163.27299084514,27.9831307539716,133.783179381862
9.082132744905,868.386682495475,19.8346466738731,114.668998634443
11.4670873903489,723.608225397766,27.6410225043073,217.05106399022
